<?xml version="1.0" encoding="utf-8"?>
<feed xmlns="http://www.w3.org/2005/Atom">
  <title>小梦岛</title>
  <icon>https://little-dream.land/img/royians/logo.png</icon>
  <subtitle>VIDORRA</subtitle>
  <link href="https://little-dream.land/atom.xml" rel="self"/>
  
  <link href="https://little-dream.land/"/>
  <updated>2023-03-11T15:37:12.393Z</updated>
  <id>https://little-dream.land/</id>
  
  <author>
    <name>ROYIANS</name>
    
  </author>
  
  <generator uri="https://hexo.io/">Hexo</generator>
  
  <entry>
    <title>Hello 2023</title>
    <link href="https://little-dream.land/posts/a7cb0afa/"/>
    <id>https://little-dream.land/posts/a7cb0afa/</id>
    <published>2023-03-10T09:43:32.993Z</published>
    <updated>2023-03-11T15:37:12.393Z</updated>
    
    
      
      
        
        
    <summary type="html">&lt;p&gt;　　2023年是全新的一年，我这个博客从2018年起开始折腾，折腾到今年，其实感觉还是没有什么结果。其实最近几年重点都放在博客搭建和主题的选择上了。所以在文章上其实没什么耕耘，这个实际上是很有问题的。&lt;/p&gt;
&lt;p&gt;　　转眼间我也已经从一个大学生的身份，转变成打工人的身份了</summary>
        
      
    
    
    
    <category term="2023" scheme="https://little-dream.land/categories/2023/"/>
    
    
    <category term="个人随想" scheme="https://little-dream.land/tags/%E4%B8%AA%E4%BA%BA%E9%9A%8F%E6%83%B3/"/>
    
  </entry>
  
  <entry>
    <title>CSS @media 优先级问题</title>
    <link href="https://little-dream.land/posts/2023010901/"/>
    <id>https://little-dream.land/posts/2023010901/</id>
    <published>2023-01-08T16:00:00.000Z</published>
    <updated>2023-03-11T16:05:33.897Z</updated>
    
    
      
      
        
        
    <summary type="html">&lt;p&gt;我们在写程序的时候经常会用到@media媒体查询，尤其是在做移动端适配的时候。但是关于@media媒体查询你了解多少呢？&lt;/p&gt;
&lt;p&gt;作为一个初级开发人员，今天在开发的时候碰到了一个这样的问题：&lt;/p&gt;
&lt;figure class=&quot;highlight</summary>
        
      
    
    
    
    <category term="技术碎片" scheme="https://little-dream.land/categories/%E6%8A%80%E6%9C%AF%E7%A2%8E%E7%89%87/"/>
    
    
    <category term="前端" scheme="https://little-dream.land/tags/%E5%89%8D%E7%AB%AF/"/>
    
    <category term="CSS3" scheme="https://little-dream.land/tags/CSS3/"/>
    
  </entry>
  
  <entry>
    <title>解决浏览器端 globalThis is not defined 报错</title>
    <link href="https://little-dream.land/posts/2023010501/"/>
    <id>https://little-dream.land/posts/2023010501/</id>
    <published>2023-01-04T16:00:00.000Z</published>
    <updated>2023-03-11T16:05:33.883Z</updated>
    
    
      
      
        
        
    <summary type="html">&lt;h2 id=&quot;问题的出现&quot;&gt;&lt;a href=&quot;#问题的出现&quot; class=&quot;headerlink&quot; title=&quot;问题的出现&quot;&gt;&lt;/a&gt;问题的出现&lt;/h2&gt;&lt;p&gt;年前我开发了一个小工程：&lt;a</summary>
        
      
    
    
    
    <category term="技术碎片" scheme="https://little-dream.land/categories/%E6%8A%80%E6%9C%AF%E7%A2%8E%E7%89%87/"/>
    
    
    <category term="JavaScript" scheme="https://little-dream.land/tags/JavaScript/"/>
    
    <category term="Vue.js" scheme="https://little-dream.land/tags/Vue-js/"/>
    
    <category term="webpack" scheme="https://little-dream.land/tags/webpack/"/>
    
    <category term="前端" scheme="https://little-dream.land/tags/%E5%89%8D%E7%AB%AF/"/>
    
  </entry>
  
  <entry>
    <title>解决浏览器端 globalThis is not defined 报错</title>
    <link href="https://little-dream.land/posts/2023010401/"/>
    <id>https://little-dream.land/posts/2023010401/</id>
    <published>2023-01-03T16:00:00.000Z</published>
    <updated>2023-03-11T16:05:33.890Z</updated>
    
    
      
      
        
        
    <summary type="html">&lt;p&gt;今日开发时，生产运维人员上报说页面打开一片空白，无法进入系统。排查一下发现是我的&lt;a href=&quot;https://github.com/ROYIANS/print-template-designer&quot;&gt;print-template-designer&lt;/a&gt;报的错，报了一个</summary>
        
      
    
    
    
    <category term="技术碎片" scheme="https://little-dream.land/categories/%E6%8A%80%E6%9C%AF%E7%A2%8E%E7%89%87/"/>
    
    
    <category term="JavaScript" scheme="https://little-dream.land/tags/JavaScript/"/>
    
    <category term="前端" scheme="https://little-dream.land/tags/%E5%89%8D%E7%AB%AF/"/>
    
  </entry>
  
</feed>
